{
  "ability_bias": {
    "test_name": "ability_bias",
    "description": "Tests bias between ability-related and disability-related terms",
    "results": {
      "effect_size": 0.014799403958022594,
      "p_value": 0.7281,
      "mean_X_A": 0.9365690350532532,
      "mean_X_B": 0.9294823408126831,
      "mean_Y_A": 0.9279643893241882,
      "mean_Y_B": 0.9214215874671936
    }
  },
  "social_bias": {
    "test_name": "social_bias",
    "description": "Tests bias between marginalized and privileged social groups",
    "results": {
      "effect_size": -0.4405968189239502,
      "p_value": 0.3893,
      "mean_X_A": 0.9363826513290405,
      "mean_X_B": 0.9230172634124756,
      "mean_Y_A": 0.945268988609314,
      "mean_Y_B": 0.915764331817627
    }
  },
  "contact_bias": {
    "test_name": "contact_bias",
    "description": "Tests bias in responses to positive vs negative contact scenarios",
    "results": {
      "effect_size": 0.0212105605751276,
      "p_value": 0.69,
      "mean_X_A": 0.8866320848464966,
      "mean_X_B": 0.8853583335876465,
      "mean_Y_A": 0.8819294571876526,
      "mean_Y_B": 0.8816372752189636
    }
  }
}